filename,title,source_title,source_url,source_type,domain_tags,pdf_path,txt_path
01_cs3510_algorithms_topics_study_strategy,CS3510 Algorithms: Topics and Study Strategy,CS3510 topics? - r/gatech,https://www.reddit.com/r/gatech/comments/b5511z/cs3510_topics/,Reddit thread / student discussion,"CS3510, Algorithms, Theory, proofs, pseudocode, workload, study strategy",pdf/01_cs3510_algorithms_topics_study_strategy.pdf,txt/01_cs3510_algorithms_topics_study_strategy.txt
02_gt_cs_hard_classes_cs3210_reputation,Georgia Tech CS Hard Classes: CS3210 Reputation,What are considered the hell/hard classes of a CS degree? - r/gatech,https://www.reddit.com/r/gatech/comments/zt0ayl/what_are_considered_the_hell_hard_classes_of_a_cs/,Reddit thread / student discussion,"CS3210, OS Design, hard classes, workload, systems, upper-level CS",pdf/02_gt_cs_hard_classes_cs3210_reputation.pdf,txt/02_gt_cs_hard_classes_cs3210_reputation.txt
03_cs2340_objects_design_difficulty_value,"CS2340 Objects and Design: Difficulty, Teaching, and Value",CS2340 instructors said the class was too easy - r/gatech,https://www.reddit.com/r/gatech/comments/sib2v7/cs2340_instructors_said_the_class_was_too_easy_so/,Reddit thread / student discussion,"CS2340, Objects and Design, tests, lectures, project, Android, test-driven development, group work",pdf/03_cs2340_objects_design_difficulty_value.pdf,txt/03_cs2340_objects_design_difficulty_value.txt
04_cs_schedule_feasibility_1332_2110_2340_3600,"CS Schedule Feasibility: CS1332, CS2110, CS2340, CS3600",[CS] Does this seem like a feasible workload each semester? - r/gatech,https://www.reddit.com/r/gatech/comments/37b1cc/cs_does_this_seem_like_a_feasible_workload_each/,Reddit thread / student discussion,"CS1332, CS2110, CS2340, CS3600, course load, schedule planning, time management",pdf/04_cs_schedule_feasibility_1332_2110_2340_3600.pdf,txt/04_cs_schedule_feasibility_1332_2110_2340_3600.txt
05_course_load_cs2110_cs1332_cs3750_cs2340,"Course Load: CS2110, CS1332, CS3750, and CS2340 Together",Course load for CS - r/gatech,https://www.reddit.com/r/gatech/comments/6nw681/course_load_for_cs/,Reddit thread / student discussion,"CS2110, CS1332, CS3750, CS2340, homework, course load, schedule planning",pdf/05_course_load_cs2110_cs1332_cs3750_cs2340.pdf,txt/05_course_load_cs2110_cs1332_cs3750_cs2340.txt
06_cs1332_cs2110_finals_study_expectations,CS1332 and CS2110 Finals: Study Expectations,How was the final for CS1332 and CS2110? - r/gatech,https://www.reddit.com/r/gatech/comments/72ad9f/how_was_the_final_for_cs_1332_and_cs_2110/,Reddit thread / student discussion,"CS1332, CS2110, finals, exams, study guides, data structures, computer organization",pdf/06_cs1332_cs2110_finals_study_expectations.pdf,txt/06_cs1332_cs2110_finals_study_expectations.txt
07_cs4641_machine_learning_difficulty_workload,CS4641 Machine Learning: Difficulty and Workload,CS4641 Machine Learning Difficult? - r/gatech,https://www.reddit.com/r/gatech/comments/3cxxbo/cs_4641_machine_learning_difficult/,Reddit thread / student discussion,"CS4641, Machine Learning, projects, papers, tests, workload, theory, statistics",pdf/07_cs4641_machine_learning_difficulty_workload.pdf,txt/07_cs4641_machine_learning_difficulty_workload.txt
08_cs2200_and_cs4641_combined_workload,CS2200 and CS4641 Together: Combined Workload and Drop Decision,Advice from CS majors about dropping CS2200 or CS4641 - r/gatech,https://www.reddit.com/r/gatech/comments/5rlh50/asking_advice_from_cs_majors_do_you_believe_it_is/,Reddit thread / student discussion,"CS2200, CS4641, workload, dropping classes, threads, grad school, time management",pdf/08_cs2200_and_cs4641_combined_workload.pdf,txt/08_cs2200_and_cs4641_combined_workload.txt
09_cs3210_credit_hours_workload_petition,CS3210 Operating Systems Design: Credit Hours and Workload Concerns,Petition to increase credit hours and course number (CS3210) - r/gatech,https://www.reddit.com/r/gatech/comments/4ajm5t/petition_to_increase_credit_hours_and_course/,Reddit thread / student discussion,"CS3210, Operating Systems Design, workload, labs, readings, exams, credit hours",pdf/09_cs3210_credit_hours_workload_petition.pdf,txt/09_cs3210_credit_hours_workload_petition.txt
10_cs3210_vs_cs3220_comparison,CS3210 vs CS3220: OS Design vs Processor Design,CS3210 or CS3220 - r/gatech,https://www.reddit.com/r/gatech/comments/4a31gy/cs_3210_or_cs_3220/,Reddit thread / student discussion,"CS3210, CS3220, OS Design, Processor Design, Verilog, FPGA, C, kernel, systems",pdf/10_cs3210_vs_cs3220_comparison.pdf,txt/10_cs3210_vs_cs3220_comparison.txt
